{
  "version":"2.0",
  "extensionBundle": {
    "id":"Microsoft.Azure.Functions.ExtensionBundle","version":"[4.0.0, 5.0.0)"
  },
  "extensions": {
    "serviceBus": {
      "messageHandlerOptions": {
        "maxConcurrentCalls": 1
      }
    },
    "queues": {
      "batchSize": 1,
      "newBatchThreshold": 0
    },
    "eventHubs": {
      "maxEventBatchSize" : 100,
      "batchCheckpointFrequency" : 1,
      "prefetchCount" : 1000,
      "initialOffsetOptions" : {
        "type" : "fromStart",
        "enqueuedTimeUtc" : ""
      }
    }
  }
}