{
  "scriptFile" : "../blob-function-1.0.jar",
  "entryPoint" : "com.microsoft.eventhub.blob.BlobFunction.run",
  "bindings" : [ {
    "type" : "eventHubTrigger",
    "direction" : "in",
    "name" : "messages",
    "dataType" : "string",
    "connection" : "app.config.azure.eventhub.connection_string",
    "eventHubName" : "%app.config.azure.eventhub.event_hub_name%",
    "cardinality" : "MANY"
  } ],
  "retry" : {
    "strategy" : "exponentialBackoff",
    "maxRetryCount" : 0,
    "minimumInterval" : "00:00:10",
    "maximumInterval" : "00:15:00"
  }
}